image_id,angle,speed
0,0.6652931,0
1,0.6616312,1
2,0.65672576,1
3,0.79342484,0
4,0.5073479,1
5,0.46262664,1
6,0.82453954,1
7,0.5780186,1
8,0.55246294,1
9,0.49364468,0
10,0.6970789,1
11,0.3979429,1
12,0.6681777,1
13,0.045706622,1
14,0.7186938,1
15,0.73422,1
16,0.69392693,1
17,0.58142185,0
18,0.7540523,1
19,0.74888146,0
20,0.6037098,0
21,0.6587615,1
22,0.6267477,1
23,0.24205819,0
24,0.7222449,0
25,0.71281254,0
26,0.09941963,0
27,0.5244326,0
28,0.72671056,1
29,0.7345627,1
30,0.6825392,1
31,0.5387884,1
32,0.5885519,1
33,0.80961955,1
34,0.35227916,1
35,0.09032254,1
36,0.7233936,1
37,0.24156296,1
38,0.6386949,1
39,0.5332758,1
40,0.69557047,1
41,0.8419083,1
42,0.08829111,0
43,0.7367671,0
44,0.7073608,0
45,0.4634141,0
46,0.51415485,0
47,0.5554188,0
48,0.5324449,1
49,0.5054595,1
50,0.7328738,1
51,0.5978483,0
52,0.28817514,0
53,0.65525466,0
54,0.5752332,1
55,0.4789312,0
56,0.46329325,1
57,0.56965953,0
58,0.64820975,0
59,0.5086141,1
60,0.55971956,1
61,0.68462706,0
62,0.5007622,1
63,0.57640624,1
64,0.72834945,1
65,0.48111248,0
66,0.15498206,1
67,0.49895316,1
68,0.53370047,1
69,0.1241115,1
70,0.12446144,1
71,0.79023296,0
72,0.5468516,0
73,0.52614266,1
74,0.1935494,1
75,0.5199663,0
76,0.59116125,1
77,0.47583795,0
78,0.5044529,0
79,0.7374803,1
80,0.5163655,0
81,0.53742224,0
82,0.13349566,1
83,0.57513773,0
84,0.36070883,1
85,0.5926395,0
86,0.7063759,1
87,0.14916694,1
88,0.50366324,1
89,0.8156339,0
90,0.25704694,1
91,0.5083985,1
92,0.5974466,1
93,0.16874497,1
94,0.54756194,1
95,0.20935686,1
96,0.5288264,1
97,0.7830024,0
98,0.5117609,1
99,0.5270695,0
100,0.5331897,0
101,0.47167766,1
102,0.6726134,0
103,0.4864811,1
104,0.19083513,1
105,0.50307244,0
106,0.5111667,1
107,0.56249917,1
108,0.36212718,1
109,0.7145511,0
110,0.21129507,0
111,0.7735184,1
112,0.7708054,1
113,0.7354888,1
114,0.5773189,1
115,0.47674596,1
116,0.5078152,0
117,0.48429203,0
118,0.71785116,0
119,0.14710948,1
120,0.5763362,0
121,0.61805457,1
122,0.09643761,1
123,0.7183003,1
124,0.51415485,0
125,0.6970294,0
126,0.7495366,1
127,0.53031915,0
128,0.22119686,1
129,0.703615,0
130,0.7461369,1
131,0.56964743,0
132,0.677022,1
133,0.3412503,0
134,0.6960867,0
135,0.72694844,1
136,0.47912818,0
137,0.23688667,1
138,0.5069983,0
139,0.63955206,1
140,0.14458245,1
141,0.123076536,1
142,0.7504927,1
143,0.4678488,0
144,0.6965624,1
145,0.25886598,0
146,0.6936492,1
147,0.53318226,0
148,0.55674124,0
149,0.5296159,0
150,0.5308965,0
151,0.4932519,0
152,0.6969137,0
153,0.76879823,1
154,0.690986,1
155,0.5000766,1
156,0.4980877,1
157,0.61042756,1
158,0.38743135,1
159,0.5919752,1
160,0.61997575,0
161,0.5210705,0
162,0.47824693,1
163,0.50507516,1
164,0.50351936,1
165,0.68893117,1
166,0.38010255,1
167,0.1414661,0
168,0.44283548,1
169,0.67488116,0
170,0.5893518,0
171,0.55397034,1
172,0.7826034,1
173,0.78090745,0
174,0.5229592,0
175,0.32185394,0
176,0.10023174,0
177,0.50289136,1
178,0.76467055,1
179,0.46856067,1
180,0.1618594,1
181,0.8340714,0
182,0.6863622,1
183,0.6699195,1
184,0.51101315,1
185,0.52328277,1
186,0.8186118,0
187,0.5266581,1
188,0.6818164,0
189,0.06825411,1
190,0.5657434,1
191,0.50637066,1
192,0.5570871,0
193,0.91816473,0
194,0.72209895,0
195,0.76489305,0
196,0.7088706,1
197,0.63349503,1
198,0.74656045,0
199,0.7355329,1
200,0.5744518,0
201,0.5030878,1
202,0.639426,0
203,0.7746996,1
204,0.50293505,0
205,0.46255165,0
206,0.546938,0
207,0.5930008,0
208,0.67406595,1
209,0.4991902,1
210,0.66806036,1
211,0.5029211,0
212,0.79376185,0
213,0.631478,1
214,0.47877416,1
215,0.4764037,0
216,0.7084841,1
217,0.3926154,1
218,0.752963,0
219,0.22557585,1
220,0.35400113,1
221,0.50611585,0
222,0.740238,0
223,0.5059572,1
224,0.5648926,0
225,0.4569084,1
226,0.63246745,0
227,0.4758888,1
228,0.3112647,0
229,0.49396193,1
230,0.44427615,1
231,0.70998865,0
232,0.66633177,1
233,0.484847,1
234,0.4479087,1
235,0.7219499,0
236,0.5938323,1
237,0.7225581,0
238,0.45967096,1
239,0.28376108,0
240,0.43835384,0
241,0.55656654,0
242,0.7349949,1
243,0.5906909,1
244,0.5041773,1
245,0.9294727,0
246,0.5121978,0
247,0.5510844,1
248,0.6327264,1
249,0.50589556,0
250,0.4380886,1
251,0.6746923,0
252,0.55949116,0
253,0.6121557,0
254,0.5126947,1
255,0.7012865,0
256,0.51415485,1
257,0.10619377,1
258,0.5044612,0
259,0.50446004,0
260,0.5148212,0
261,0.6436671,0
262,0.53447205,0
263,0.53645235,1
264,0.18064187,0
265,0.7614342,1
266,0.26406714,1
267,0.17037602,0
268,0.60553277,0
269,0.5577462,0
270,0.13736328,1
271,0.5897965,0
272,0.92942333,0
273,0.5301891,0
274,0.6871831,1
275,0.14729963,1
276,0.56845254,1
277,0.64430887,0
278,0.4487802,0
279,0.69971704,1
280,0.5404273,1
281,0.14392926,1
282,0.20162624,1
283,0.90231025,1
284,0.6960026,0
285,0.47800454,0
286,0.48334917,0
287,0.56831294,0
288,0.64751714,0
289,0.72177464,1
290,0.5716334,1
291,0.8077798,1
292,0.58699846,1
293,0.7477419,0
294,0.5533388,1
295,0.5432827,1
296,0.7073097,1
297,0.5318715,0
298,0.7245624,0
299,0.49925438,0
300,0.7709233,1
301,0.22466591,1
302,0.5046552,0
303,0.5505117,0
304,0.715038,0
305,0.16233897,0
306,0.57265824,0
307,0.5142526,0
308,0.5242237,0
309,0.52533084,1
310,0.748987,0
311,0.5382544,0
312,0.7026384,0
313,0.8262604,1
314,0.5151499,0
315,0.61659765,1
316,0.48973018,1
317,0.0870228,0
318,0.51415485,0
319,0.7704706,1
320,0.59702414,0
321,0.6945678,0
322,0.50149673,0
323,0.7174595,0
324,0.120927036,1
325,0.7282707,1
326,0.49434224,1
327,0.734467,1
328,0.82087237,0
329,0.16813786,0
330,0.28611013,1
331,0.6938125,0
332,0.5022666,0
333,0.8678451,1
334,0.5663225,1
335,0.500869,0
336,0.5170863,1
337,0.68052375,0
338,0.48712924,0
339,0.7214001,1
340,0.6941217,1
341,0.252216,1
342,0.7217914,1
343,0.533536,1
344,0.34509104,1
345,0.18005204,1
346,0.611644,1
347,0.71727145,0
348,0.24010623,1
349,0.15103123,1
350,0.13504997,1
351,0.49324158,0
352,0.49620068,1
353,0.52346694,0
354,0.7217358,1
355,0.51415485,1
356,0.12735124,1
357,0.87309074,0
358,0.63181996,0
359,0.5284333,1
360,0.7028035,0
361,0.7018811,1
362,0.4947182,1
363,0.6864697,0
364,0.38056788,1
365,0.7620836,1
366,0.44397146,1
367,0.6784816,1
368,0.47109362,0
369,0.7457012,1
370,0.4888828,1
371,0.50408566,1
372,0.50803906,1
373,0.6177001,1
374,0.44181374,0
375,0.7224046,1
376,0.6626858,0
377,0.35070777,0
378,0.49711388,0
379,0.6627236,1
380,0.5469247,0
381,0.503945,1
382,0.70918715,0
383,0.7046478,1
384,0.70977646,0
385,0.506985,0
386,0.5671236,1
387,0.5126137,0
388,0.15980479,1
389,0.6656682,1
390,0.76314485,1
391,0.5256451,1
392,0.55739915,1
393,0.51415485,0
394,0.14074631,1
395,0.62288165,1
396,0.6815886,1
397,0.42834985,1
398,0.6492635,0
399,0.16964523,1
400,0.9114799,1
401,0.4266882,1
402,0.5292769,0
403,0.70010245,1
404,0.5512469,1
405,0.5372509,0
406,0.41877922,1
407,0.48817432,0
408,0.6346504,1
409,0.65039414,0
410,0.16399623,1
411,0.70251554,1
412,0.7007298,1
413,0.4510874,1
414,0.520436,0
415,0.7232576,0
416,0.5039766,0
417,0.1341568,1
418,0.7344629,1
419,0.7201813,1
420,0.1857395,1
421,0.5164496,0
422,0.73055655,0
423,0.46849597,0
424,0.58028716,1
425,0.44900656,1
426,0.48259225,0
427,0.47582662,1
428,0.62236595,1
429,0.51415485,1
430,0.5619271,1
431,0.42145365,1
432,0.9272499,0
433,0.18140474,0
434,0.55073833,0
435,0.37980524,1
436,0.97075146,1
437,0.5702635,0
438,0.5010329,0
439,0.54773515,0
440,0.23019405,1
441,0.62896,0
442,0.51415485,0
443,0.42194936,1
444,0.51227576,1
445,0.6195218,1
446,0.7275799,1
447,0.23612112,0
448,0.5011152,1
449,0.7349299,0
450,0.7073273,0
451,0.7041862,0
452,0.8842765,1
453,0.5744614,0
454,0.51397717,0
455,0.46699324,1
456,0.13097237,0
457,0.48322248,0
458,0.70767426,0
459,0.8804514,1
460,0.6679829,1
461,0.61293197,0
462,0.16030602,1
463,0.704838,0
464,0.46036297,0
465,0.75741655,0
466,0.47728586,0
467,0.55868393,1
468,0.7315738,0
469,0.5569196,0
470,0.706337,1
471,0.49604958,1
472,0.51705587,0
473,0.5697798,0
474,0.5053541,1
475,0.50500405,0
476,0.6229193,1
477,0.5542661,0
478,0.3680641,1
479,0.33780208,0
480,0.14815854,1
481,0.58111405,0
482,0.15038979,1
483,0.5738868,0
484,0.1448434,1
485,0.52096725,1
486,0.49628094,0
487,0.45987856,0
488,0.7202137,1
489,0.54272455,0
490,0.5396209,1
491,0.74844754,1
492,0.55221766,0
493,0.59299564,1
494,0.65763456,0
495,0.49843374,0
496,0.6344165,1
497,0.6074475,1
498,0.3377424,0
499,0.56396437,0
500,0.0712888,1
501,0.5610834,0
502,0.48396662,0
503,0.59497,1
504,0.49983346,0
505,0.64017683,0
506,0.6945218,0
507,0.74082744,0
508,0.44522637,0
509,0.52401155,1
510,0.50701284,0
511,0.4614927,0
512,0.9202535,0
513,0.39349166,1
514,0.12491274,1
515,0.58449054,0
516,0.42088625,1
517,0.95401967,0
518,0.43381393,1
519,0.5027136,1
520,0.4093079,1
521,0.48896208,0
522,0.5285159,1
523,0.18849689,0
524,0.14324984,1
525,0.20533252,1
526,0.906161,0
527,0.5040802,0
528,0.57137775,0
529,0.50099313,1
530,0.101947024,0
531,0.6653981,0
532,0.49960953,1
533,0.48303688,0
534,0.75084305,1
535,0.51463425,0
536,0.19420822,1
537,0.5155966,1
538,0.71990335,0
539,0.4993946,0
540,0.60264236,1
541,0.48719302,0
542,0.49899518,1
543,0.49252215,0
544,0.7127994,1
545,0.5616896,1
546,0.7315478,1
547,0.67517054,1
548,0.7251839,1
549,0.6658482,1
550,0.5325246,1
551,0.5275213,0
552,0.59227246,0
553,0.16010767,1
554,0.75498974,0
555,0.13296334,1
556,0.6729543,0
557,0.5188731,0
558,0.61526805,0
559,0.55333555,0
560,0.5563687,0
561,0.50303984,1
562,0.4836469,0
563,0.52830684,1
564,0.4833962,1
565,0.5865735,0
566,0.7721759,1
567,0.7317172,0
568,0.7354485,1
569,0.6979419,1
570,0.11295821,0
571,0.61802864,1
572,0.583757,1
573,0.5333407,0
574,0.60806465,0
575,0.5250299,0
576,0.50128686,0
577,0.51036584,1
578,0.7529826,1
579,0.51528376,1
580,0.53800976,0
581,0.5200454,0
582,0.5022676,0
583,0.4992759,0
584,0.6266229,0
585,0.26436982,1
586,0.63422936,1
587,0.50486934,0
588,0.86273384,1
589,0.6061215,1
590,0.4852629,0
591,0.50184655,1
592,0.57954895,0
593,0.10434182,1
594,0.46437854,1
595,0.5288527,0
596,0.5164483,0
597,0.47002354,0
598,0.83076376,0
599,0.59884775,0
600,0.5250483,0
601,0.3587009,1
602,0.4820845,1
603,0.56621295,0
604,0.33635247,1
605,0.50390345,1
606,0.5407068,0
607,0.49200624,1
608,0.6107984,0
609,0.5763721,0
610,0.43672296,0
611,0.49368843,0
612,0.7044317,0
613,0.45236194,1
614,0.7764405,1
615,0.5593175,0
616,0.502794,1
617,0.23226841,1
618,0.5318584,0
619,0.5411034,0
620,0.54086053,1
621,0.46922827,0
622,0.67217976,0
623,0.5611357,0
624,0.41209957,0
625,0.655402,1
626,0.31745243,0
627,0.5099614,0
628,0.9014195,0
629,0.45154923,1
630,0.25998837,1
631,0.5012755,1
632,0.5256939,0
633,0.6777269,1
634,0.6376044,1
635,0.5361329,0
636,0.49538884,0
637,0.6975683,1
638,0.7030595,0
639,0.69787055,1
640,0.072858304,1
641,0.398689,0
642,0.55610335,0
643,0.55546904,1
644,0.53507113,0
645,0.6853415,0
646,0.54186743,0
647,0.14738777,1
648,0.81200635,0
649,0.4685707,1
650,0.7020504,0
651,0.53406936,1
652,0.50220525,0
653,0.22821037,1
654,0.48124862,0
655,0.49601573,1
656,0.67552865,1
657,0.65673465,1
658,0.42060193,0
659,0.49085078,0
660,0.1751791,1
661,0.6924395,0
662,0.6867368,1
663,0.47425607,0
664,0.58187115,1
665,0.49437007,0
666,0.9190689,1
667,0.70546395,1
668,0.5435141,1
669,0.7370812,1
670,0.20027375,1
671,0.7378981,0
672,0.7211888,0
673,0.50296915,0
674,0.4981471,0
675,0.7033158,0
676,0.1184807,1
677,0.7356424,1
678,0.6518334,0
679,0.65395516,0
680,0.09681737,1
681,0.74659973,0
682,0.50943065,1
683,0.53369814,0
684,0.4882391,0
685,0.6916717,1
686,0.50336844,0
687,0.4988654,0
688,0.573998,1
689,0.74340874,1
690,0.8486922,1
691,0.55890924,1
692,0.13329257,0
693,0.6634702,1
694,0.79472345,1
695,0.32138196,0
696,0.6201454,1
697,0.8716664,0
698,0.66791826,1
699,0.56973654,0
700,0.7274431,1
701,0.7395873,1
702,0.5329231,0
703,0.55652666,1
704,0.24214101,1
705,0.5083776,1
706,0.63761985,0
707,0.7851717,0
708,0.2626752,0
709,0.44421503,0
710,0.5334766,1
711,0.46638107,1
712,0.68475014,0
713,0.08156457,1
714,0.5476106,0
715,0.5472465,0
716,0.76863974,0
717,0.610398,1
718,0.76185024,0
719,0.48262647,1
720,0.4879894,0
721,0.15477273,1
722,0.5035129,1
723,0.7044042,1
724,0.69630027,0
725,0.52738607,0
726,0.3039348,1
727,0.6010405,0
728,0.8553827,0
729,0.50424826,1
730,0.18982297,1
731,0.7166116,1
732,0.66288286,1
733,0.45620608,1
734,0.6655053,1
735,0.3416553,0
736,0.71820486,0
737,0.499029,0
738,0.24831577,1
739,0.5207745,1
740,0.24906427,0
741,0.7446664,1
742,0.7700785,1
743,0.51415485,1
744,0.47154805,1
745,0.529881,0
746,0.57541263,0
747,0.52340466,0
748,0.49795228,0
749,0.7066263,1
750,0.30579132,0
751,0.8502312,0
752,0.5102433,0
753,0.49942893,0
754,0.51638526,0
755,0.5278549,0
756,0.7391703,0
757,0.52112275,1
758,0.51389605,0
759,0.50234854,1
760,0.4780569,0
761,0.49285522,0
762,0.4892056,0
763,0.56745756,1
764,0.50297517,0
765,0.5122463,0
766,0.7712231,1
767,0.6828849,0
768,0.513676,0
769,0.5451571,0
770,0.51323646,1
771,0.32451534,1
772,0.7883391,0
773,0.50214934,0
774,0.73402196,1
775,0.7311609,1
776,0.78473455,0
777,0.7340429,1
778,0.5192484,1
779,0.96413755,1
780,0.5491116,0
781,0.49129233,1
782,0.54901665,1
783,0.7140152,1
784,0.48259404,1
785,0.5428798,0
786,0.42253387,1
787,0.53472227,0
788,0.57334965,0
789,0.4180965,0
790,0.69236916,0
791,0.728419,1
792,0.57219535,0
793,0.76680577,0
794,0.63243407,0
795,0.057073437,0
796,0.5217794,1
797,0.16325979,1
798,0.7733001,1
799,0.6464715,1
800,0.69190776,1
801,0.47881368,0
802,0.49418584,0
803,0.48419127,1
804,0.21689028,1
805,0.41667733,0
806,0.66166246,0
807,0.51344454,1
808,0.071961895,1
809,0.6108964,0
810,0.49134287,0
811,0.85455877,0
812,0.69818884,0
813,0.4959621,0
814,0.71339124,0
815,0.22850199,1
816,0.6888558,1
817,0.5175077,0
818,0.56182927,0
819,0.70392406,1
820,0.17934829,0
821,0.6866994,1
822,0.51833975,1
823,0.6217292,1
824,0.43762255,1
825,0.54945576,1
826,0.73187566,1
827,0.50475764,0
828,0.51379836,0
829,0.5733547,0
830,0.4794275,1
831,0.17058332,0
832,0.44787082,1
833,0.72485405,1
834,0.8284345,0
835,0.5466463,1
836,0.4759493,1
837,0.32643515,0
838,0.5484551,1
839,0.7069633,1
840,0.5843929,0
841,0.16441214,1
842,0.5012735,0
843,0.54593974,0
844,0.46299222,0
845,0.19199269,0
846,0.48448825,0
847,0.49771664,1
848,0.35233185,1
849,0.7045324,1
850,0.693983,0
851,0.50689435,0
852,0.5091714,0
853,0.47711375,0
854,0.50942904,1
855,0.40875483,1
856,0.55569285,0
857,0.49549997,0
858,0.5309091,1
859,0.4954998,0
860,0.5586304,0
861,0.74425817,1
862,0.5342396,1
863,0.51074654,0
864,0.51415485,0
865,0.6383412,1
866,0.047621924,0
867,0.8169624,0
868,0.56759703,0
869,0.13874571,1
870,0.7249288,1
871,0.529726,1
872,0.7219603,1
873,0.7055103,0
874,0.7078266,0
875,0.4933789,0
876,0.5046596,0
877,0.5424889,1
878,0.7025347,1
879,0.52482843,0
880,0.5006157,1
881,0.5018231,1
882,0.6572412,0
883,0.7808001,1
884,0.51692295,1
885,0.30257517,1
886,0.633054,1
887,0.2895128,1
888,0.5476601,0
889,0.5466085,0
890,0.27078095,0
891,0.11699227,1
892,0.6874442,1
893,0.46550962,1
894,0.6799629,1
895,0.6837126,1
896,0.7160097,1
897,0.5379387,0
898,0.46960118,1
899,0.58673954,0
900,0.1485697,1
901,0.5482816,1
902,0.61481094,1
903,0.49244434,0
904,0.7267583,1
905,0.56857353,1
906,0.746963,0
907,0.72088015,0
908,0.5073027,0
909,0.23087482,0
910,0.717029,0
911,0.8155376,0
912,0.6207004,1
913,0.5468903,0
914,0.6832966,0
915,0.26281515,0
916,0.5431441,1
917,0.5290455,0
918,0.47456074,0
919,0.66642725,1
920,0.5226372,1
921,0.56142527,0
922,0.49692482,0
923,0.5648651,1
924,0.817493,0
925,0.5585764,1
926,0.48870355,0
927,0.55770475,1
928,0.783472,1
929,0.58163905,1
930,0.544477,0
931,0.47654262,1
932,0.78471094,0
933,0.55917186,1
934,0.40445462,1
935,0.17655465,1
936,0.579856,1
937,0.55122185,1
938,0.66951305,0
939,0.6331936,1
940,0.5109458,0
941,0.6382302,1
942,0.55664486,1
943,0.598702,0
944,0.51415485,0
945,0.5456716,0
946,0.4888767,1
947,0.697542,1
948,0.5467214,0
949,0.56090146,1
950,0.5417039,0
951,0.5187786,1
952,0.7061255,1
953,0.43252012,0
954,0.84281373,1
955,0.45191193,1
956,0.5739619,1
957,0.70366126,1
958,0.60932136,1
959,0.5114547,0
960,0.5034622,0
961,0.5229718,0
962,0.7212532,1
963,0.5168267,0
964,0.50124955,1
965,0.16131973,1
966,0.7457356,1
967,0.48666236,0
968,0.8550118,1
969,0.5825963,0
970,0.78050774,1
971,0.4775089,1
972,0.54908085,1
973,0.52326864,0
974,0.56202173,0
975,0.6990531,0
976,0.4931078,1
977,0.032484572,0
978,0.5205116,0
979,0.5823546,0
980,0.6390042,1
981,0.5280214,0
982,0.72021914,1
983,0.55338734,1
984,0.7225958,1
985,0.5702052,1
986,0.7379919,0
987,0.44135895,1
988,0.5618398,0
989,0.46435702,1
990,0.6535619,1
991,0.5096774,1
992,0.7054446,0
993,0.16370434,1
994,0.7371697,0
995,0.39096424,1
996,0.5122335,0
997,0.35708192,0
998,0.70120865,1
999,0.4891082,1
1000,0.2370967,1
1001,0.32038876,0
1002,0.5108586,0
1003,0.58208126,0
1004,0.5200446,0
1005,0.68017656,1
1006,0.51289254,1
1007,0.5817762,1
1008,0.8387558,0
1009,0.50612825,0
1010,0.79739636,1
1011,0.616618,1
1012,0.5154775,0
1013,0.3172063,0
1014,0.6175245,0
1015,0.23325126,1
1016,0.6001702,1
1017,0.5277074,0
1018,0.69580305,0
1019,0.87947387,0
1020,0.54508334,1
1021,0.19537033,1
1022,0.44494468,0
1023,0.5108538,0
1024,0.5600833,0
1025,0.7063874,0
1026,0.55037594,0
1027,0.5716927,0
1028,0.9140351,0
1029,0.60683626,0
1030,0.64210874,1
1031,0.6333899,0
1032,0.48639908,0
1033,0.5456807,0
1034,0.48218027,0
1035,0.69814336,1
1036,0.14326593,0
1037,0.81210095,0
1038,0.720514,1
1039,0.19501635,1
1040,0.75412655,1
1041,0.6358771,1
1042,0.62738043,1
1043,0.74993014,0
1044,0.84300905,1
1045,0.55606645,0
1046,0.49745756,1
1047,0.49172395,0
1048,0.45832744,0
1049,0.50954306,1
1050,0.18394488,1
1051,0.896999,0
1052,0.54067767,0
1053,0.54697233,0
1054,0.7248741,1
1055,0.73420954,1
1056,0.5535835,0
1057,0.51305777,0
1058,0.6714262,1
1059,0.49156156,0
1060,0.20302418,1
1061,0.37402818,0
1062,0.6092213,1
1063,0.49079636,0
1064,0.19010493,1
1065,0.75482094,0
1066,0.7149929,1
1067,0.78218764,1
1068,0.7131733,1
1069,0.54415715,1
1070,0.11305231,1
1071,0.8115134,0
1072,0.7124854,0
1073,0.50889856,0
1074,0.6110534,0
1075,0.49889356,0
1076,0.4020925,1
1077,0.3231641,1
1078,0.51163036,0
1079,0.68297833,1
1080,0.5746879,0
1081,0.39884937,1
1082,0.5520328,0
1083,0.4765779,1
1084,0.72164243,1
1085,0.66531247,1
1086,0.5284747,1
1087,0.532858,1
1088,0.5751851,0
1089,0.2239643,1
1090,0.6838383,1
1091,0.56243396,1
1092,0.5047725,0
1093,0.14837001,1
1094,0.49341252,1
1095,0.5729723,0
1096,0.7484702,1
1097,0.89295226,0
1098,0.6570513,1
1099,0.46641174,1
1100,0.5059199,1
1101,0.6880248,0
1102,0.5132915,0
1103,0.3946629,0
1104,0.050545022,0
1105,0.5353632,0
1106,0.57774764,0
1107,0.63795215,1
1108,0.7147049,0
1109,0.51596344,1
1110,0.52669394,1
1111,0.7310613,1
1112,0.20875023,1
1113,0.2590423,0
1114,0.6681483,0
1115,0.47062677,1
1116,0.5671042,1
1117,0.54118586,0
1118,0.6468704,0
1119,0.5177536,0
1120,0.27908266,1
1121,0.21405262,0
1122,0.5969394,1
1123,0.18510464,1
1124,0.14044164,1
1125,0.50582397,1
1126,0.58856434,1
1127,0.3374454,1
1128,0.5611466,1
1129,0.71981794,1
1130,0.558545,1
1131,0.4951926,1
1132,0.7361487,0
1133,0.6178411,0
1134,0.5030779,1
1135,0.44840622,0
1136,0.502436,0
1137,0.47321054,0
1138,0.78408366,0
1139,0.5021488,0
1140,0.19120666,1
1141,0.7759081,1
1142,0.5490445,1
1143,0.8483892,0
1144,0.6584841,0
1145,0.7603254,1
1146,0.5507602,0
1147,0.5097548,0
1148,0.7014054,1
1149,0.46423924,0
1150,0.5158058,1
1151,0.50976056,1
1152,0.46985242,1
1153,0.9282167,1
1154,0.48835737,1
1155,0.6614509,1
1156,0.21777771,1
1157,0.7369308,1
1158,0.37700844,1
1159,0.5839782,0
1160,0.7020035,0
1161,0.49389097,1
1162,0.73192954,1
1163,0.5214921,0
1164,0.15878843,1
1165,0.5084128,1
1166,0.5016737,0
1167,0.6678637,1
1168,0.54748607,1
1169,0.54062486,1
1170,0.73339653,1
1171,0.53549516,0
1172,0.5051847,1
1173,0.58682793,0
1174,0.5522661,0
1175,0.49648732,0
1176,0.45960513,1
1177,0.5473541,0
1178,0.70324266,0
1179,0.5461907,1
1180,0.7677457,1
1181,0.5612006,0
1182,0.5476542,0
1183,0.46160904,0
1184,0.4932295,1
1185,0.6417566,0
1186,0.5883712,1
1187,0.7513826,1
1188,0.73509234,1
1189,0.508058,1
1190,0.60782796,0
1191,0.7595912,0
1192,0.7575561,0
1193,0.5830091,0
1194,0.66936266,1
1195,0.31555292,0
1196,0.620501,1
1197,0.645343,1
1198,0.38529065,1
1199,0.5137456,1
1200,0.5251255,1
1201,0.34137613,0
1202,0.50513834,0
1203,0.43732497,1
1204,0.5171084,1
1205,0.8284878,1
1206,0.92054105,0
1207,0.2630423,1
1208,0.7951066,1
1209,0.6695503,0
1210,0.13000832,1
1211,0.25325677,1
1212,0.710379,0
1213,0.5198171,1
1214,0.6890515,0
1215,0.5115787,1
1216,0.41300905,1
1217,0.7117628,0
1218,0.73780054,1
1219,0.50971615,0
1220,0.6348799,0
1221,0.53952193,0
1222,0.54823375,0
1223,0.7114384,1
1224,0.44876173,1
1225,0.7410343,1
1226,0.519461,1
1227,0.5127053,0
1228,0.5049517,1
1229,0.47527486,0
1230,0.6880747,0
1231,0.4440979,0
1232,0.47034475,0
1233,0.5761034,0
1234,0.4771184,1
1235,0.5004811,0
1236,0.69056606,1
1237,0.11559152,1
1238,0.7771833,1
1239,0.79438525,1
1240,0.74078065,0
1241,0.5195565,1
1242,0.7647672,0
1243,0.8102942,0
1244,0.53485745,1
1245,0.5612621,0
1246,0.5681709,0
1247,0.52154636,0
1248,0.50045455,1
1249,0.56482935,0
1250,0.71367025,1
1251,0.3382311,0
1252,0.50312215,0
1253,0.17480901,1
1254,0.68843406,0
1255,0.49549374,1
1256,0.80810606,0
1257,0.078897,1
1258,0.66984934,1
1259,0.7429328,1
1260,0.47509328,1
1261,0.5095587,1
1262,0.6571973,1
1263,0.78671867,1
1264,0.6137536,1
1265,0.43080628,0
1266,0.8064953,1
1267,0.83965695,0
1268,0.75239563,0
1269,0.78944093,0
1270,0.53848207,1
1271,0.42448756,1
1272,0.4358459,1
1273,0.6624081,1
1274,0.4572809,1
1275,0.6577544,1
1276,0.52304196,0
1277,0.5027116,0
1278,0.71025336,1
1279,0.69685555,1
1280,0.49558368,1
1281,0.71485484,1
1282,0.16047874,0
1283,0.7713261,0
1284,0.9464309,1
1285,0.60510594,1
1286,0.651192,0
1287,0.6414131,1
1288,0.51415485,1
1289,0.5986239,1
1290,0.5242019,1
1291,0.5479053,0
1292,0.52131397,0
1293,0.78996634,1
1294,0.51656324,0
1295,0.7715444,1
1296,0.5743148,1
1297,0.5937087,0
1298,0.7289462,0
1299,0.59584594,1
1300,0.50182056,1
1301,0.75948614,1
1302,0.43048662,1
1303,0.17363054,1
1304,0.53824776,1
1305,0.49154624,0
1306,0.48506346,1
1307,0.8711335,0
1308,0.7330627,1
1309,0.4664402,1
1310,0.15412226,0
1311,0.48612785,1
1312,0.8854283,0
1313,0.7281438,1
1314,0.6855438,1
1315,0.23654494,0
1316,0.568584,0
1317,0.7467877,1
1318,0.69659346,0
1319,0.49519652,0
1320,0.32316497,1
1321,0.5005583,1
1322,0.7945124,0
1323,0.1868898,0
1324,0.53033155,0
1325,0.6148874,0
1326,0.66456074,1
1327,0.13324696,1
1328,0.5743193,0
1329,0.45666382,0
1330,0.5097972,1
1331,0.5172732,1
1332,0.6879481,0
1333,0.4645249,0
1334,0.44569942,1
1335,0.5662864,1
1336,0.71511304,1
1337,0.52401346,0
1338,0.5339293,0
1339,0.4992423,1
1340,0.5064877,0
1341,0.60859585,1
1342,0.51086146,0
1343,0.74308026,1
1344,0.5120322,1
1345,0.6996706,0
1346,0.19050351,1
1347,0.53424203,0
1348,0.49042603,0
1349,0.7208207,1
1350,0.6634454,0
1351,0.49108657,1
1352,0.6928886,0
1353,0.72147614,1
1354,0.56951684,0
1355,0.19013752,1
1356,0.4940601,1
1357,0.7338013,1
1358,0.49091965,1
1359,0.51396203,1
1360,0.58920574,0
1361,0.5559138,1
1362,0.46996373,0
1363,0.5473419,0
1364,0.36659536,1
1365,0.65720385,0
1366,0.50510246,0
1367,0.5142413,0
1368,0.5949798,0
1369,0.13764834,1
1370,0.6184724,0
1371,0.6998046,1
1372,0.70854485,0
1373,0.50011367,1
1374,0.666367,1
1375,0.50318015,0
1376,0.72713244,1
1377,0.76191235,1
1378,0.66627806,1
1379,0.66109544,1
1380,0.51415485,1
1381,0.15691437,1
1382,0.6099866,1
1383,0.52889943,1
1384,0.6772962,0
1385,0.76593196,0
1386,0.45487252,1
1387,0.73081625,1
1388,0.51077133,1
1389,0.5271301,0
1390,0.62980074,1
1391,0.7358482,1
1392,0.53345186,1
1393,0.486414,0
1394,0.5021466,0
1395,0.4808617,0
1396,0.1531653,1
1397,0.68484944,1
1398,0.43969515,1
1399,0.7032319,0
1400,0.6829551,1
1401,0.5036193,0
1402,0.7007269,1
1403,0.55178785,1
1404,0.57097024,0
1405,0.7086344,1
1406,0.5061178,0
1407,0.5685301,0
1408,0.15877812,1
1409,0.6127073,0
1410,0.5020824,0
1411,0.69666076,0
1412,0.51415485,1
1413,0.527777,0
1414,0.68757325,1
1415,0.54127765,1
1416,0.49892068,0
1417,0.19113263,1
1418,0.28330117,1
1419,0.70542973,1
1420,0.4867064,0
1421,0.15824868,0
1422,0.5007647,1
1423,0.52510166,0
1424,0.73954695,1
1425,0.55674165,0
1426,0.57152355,1
1427,0.44239452,1
1428,0.63676804,1
1429,0.5058845,0
1430,0.3430789,0
1431,0.71431756,0
1432,0.5754399,0
1433,0.831198,1
1434,0.56205726,1
1435,0.72764945,1
1436,0.13125253,0
1437,0.62145394,0
1438,0.55203575,0
1439,0.71867627,0
1440,0.6982674,1
1441,0.64583325,1
1442,0.50856113,1
1443,0.53287286,1
1444,0.38767117,1
1445,0.57188606,0
1446,0.5376512,1
1447,0.7461496,1
1448,0.92136073,0
1449,0.55900097,0
1450,0.54513204,1
1451,0.72780436,1
1452,0.64380807,0
1453,0.7131527,1
1454,0.67022973,0
1455,0.54018515,0
1456,0.49556434,1
1457,0.52099764,0
1458,0.5056471,0
1459,0.6544059,0
1460,0.681167,0
1461,0.48535535,0
1462,0.57121,0
1463,0.13839725,1
1464,0.80047715,0
1465,0.5206955,0
1466,0.7569906,0
1467,0.7118939,1
1468,0.54843634,1
1469,0.66670173,1
1470,0.68981963,1
1471,0.5304858,0
1472,0.49781755,1
1473,0.52320623,1
1474,0.2292297,1
1475,0.4754512,1
1476,0.603291,0
1477,0.6423384,0
1478,0.5654831,1
1479,0.60683465,0
1480,0.6031538,1
1481,0.50600046,0
1482,0.4601816,0
1483,0.5897801,0
1484,0.7633438,1
1485,0.5182017,1
1486,0.42498484,1
1487,0.8686692,0
1488,0.5530229,0
1489,0.50238097,0
1490,0.84408015,1
1491,0.74849737,1
1492,0.5488699,1
1493,0.63619417,1
1494,0.23766625,1
1495,0.48977506,0
1496,0.2083161,0
1497,0.13217728,1
1498,0.86744136,0
1499,0.5485821,0
1500,0.5061686,1
1501,0.8579952,1
1502,0.57864624,0
1503,0.5801691,0
1504,0.35820785,0
1505,0.7462621,0
1506,0.6519364,0
1507,0.8160653,0
1508,0.45076832,0
1509,0.504124,1
1510,0.1266787,0
1511,0.47907934,1
1512,0.49417424,0
1513,0.6168585,0
1514,0.27137268,1
1515,0.52585554,0
1516,0.5317038,0
1517,0.52254385,0
1518,0.6457851,0
1519,0.4520356,1
1520,0.079762764,1
1521,0.5216721,1
1522,0.49013308,1
1523,0.7194412,0
1524,0.12589917,0
1525,0.51415485,0
1526,0.68876725,1
1527,0.50183195,0
1528,0.32312095,0
1529,0.5225142,0
1530,0.71304053,0
1531,0.71681553,1
1532,0.5053633,0
1533,0.45603624,0
1534,0.9301152,0
1535,0.51415485,0
1536,0.4910305,0
1537,0.88693684,0
1538,0.65211433,0
1539,0.6713697,1
1540,0.7114224,1
1541,0.49121666,0
1542,0.5640801,1
1543,0.49999344,0
1544,0.71821,1
1545,0.5118564,0
1546,0.7035418,1
1547,0.71104693,0
1548,0.8917453,0
1549,0.8747283,1
1550,0.18276198,1
1551,0.72858745,0
1552,0.46934053,1
1553,0.5324625,0
1554,0.51415485,1
1555,0.14481938,1
1556,0.18987434,0
1557,0.073304154,1
1558,0.5619514,0
1559,0.5045369,1
1560,0.5349823,1
1561,0.52647173,0
1562,0.32590705,1
1563,0.6418672,0
1564,0.35252324,0
1565,0.8546813,0
1566,0.51902723,0
1567,0.13582093,1
1568,0.7130043,0
1569,0.2996753,1
1570,0.42499423,0
1571,0.5471934,0
1572,0.68007565,0
1573,0.43756574,0
1574,0.58434284,1
1575,0.67841303,1
1576,0.78764457,0
1577,0.49589434,1
1578,0.6023962,1
1579,0.77827877,1
1580,0.14327759,1
1581,0.26544145,0
1582,0.5200009,0
1583,0.23456317,0
1584,0.14774655,1
1585,0.7064785,1
1586,0.7242241,0
1587,0.5378807,0
1588,0.86798203,0
1589,0.5041124,1
1590,0.1101115,1
1591,0.47482818,1
1592,0.39692906,0
1593,0.64558095,1
1594,0.7866483,0
1595,0.20815091,1
1596,0.5168734,0
1597,0.6971153,1
1598,0.5003608,0
1599,0.51218486,0
1600,0.53070563,0
1601,0.86266875,0
1602,0.42159513,1
1603,0.399946,0
1604,0.32387456,1
1605,0.6669453,1
1606,0.48481205,1
1607,0.7693904,1
1608,0.5227571,0
1609,0.5701341,1
1610,0.5831298,1
1611,0.488099,1
1612,0.42584616,1
1613,0.7249054,0
1614,0.7013192,0
1615,0.70715827,1
1616,0.5563581,1
1617,0.73815376,1
1618,0.71148115,1
1619,0.72641814,0
1620,0.5078227,1
1621,0.5045039,0
1622,0.46286553,1
1623,0.51122844,1
1624,0.8336661,0
1625,0.6002531,1
1626,0.41733602,1
1627,0.5018688,1
1628,0.48773608,0
1629,0.5279926,1
1630,0.19027793,0
1631,0.7798581,0
1632,0.4867664,0
1633,0.47780368,1
1634,0.37106785,1
1635,0.23297612,1
1636,0.56706506,1
1637,0.41871673,1
1638,0.12747796,0
1639,0.7873558,1
1640,0.6291819,1
1641,0.49565312,0
1642,0.7061357,1
1643,0.7451992,1
1644,0.7150266,1
1645,0.10793712,1
1646,0.4808877,1
1647,0.37308675,1
1648,0.7219167,1
1649,0.6776032,0
1650,0.6912195,0
1651,0.556153,0
1652,0.7827886,1
1653,0.6995462,1
1654,0.5361081,1
1655,0.63321525,1
1656,0.61798006,0
1657,0.7232496,1
1658,0.57172835,0
1659,0.030476956,0
1660,0.5110675,0
1661,0.5810264,0
1662,0.50223726,1
1663,0.67990816,1
1664,0.74483997,0
1665,0.7064344,0
1666,0.49477696,1
1667,0.43801898,1
1668,0.5755201,1
1669,0.67871296,0
1670,0.613907,0
1671,0.85221016,0
1672,0.7470176,1
1673,0.52556825,0
1674,0.5910279,1
1675,0.50436103,1
1676,0.8838439,1
1677,0.44468212,0
1678,0.6550845,0
1679,0.5717675,0
1680,0.70259905,1
1681,0.6787081,1
1682,0.5056229,0
1683,0.7200942,1
1684,0.679695,1
1685,0.64979434,0
1686,0.20999584,1
1687,0.79876405,0
1688,0.49376458,0
1689,0.29350278,0
1690,0.47283322,1
1691,0.73757863,0
1692,0.77428734,1
1693,0.18028858,1
1694,0.2206643,1
1695,0.5327004,0
1696,0.54630893,1
1697,0.54311,1
1698,0.5549485,0
1699,0.739925,1
1700,0.5519066,0
1701,0.6475235,1
1702,0.70044136,1
1703,0.6000854,0
1704,0.5723023,1
1705,0.74764645,0
1706,0.72662836,1
1707,0.5078185,0
1708,0.5056567,0
1709,0.548642,0
1710,0.54426163,0
1711,0.19414851,1
1712,0.52497196,0
1713,0.5342632,0
1714,0.67842233,0
1715,0.55936116,1
1716,0.7222446,1
1717,0.5147766,0
1718,0.7049345,1
1719,0.71630853,1
1720,0.5330999,0
1721,0.29120898,1
1722,0.8171055,0
1723,0.2410103,1
1724,0.7256024,1
1725,0.22166039,0
1726,0.71760297,0
1727,0.16096735,1
1728,0.51415485,0
1729,0.408803,1
1730,0.50574124,0
1731,0.47571275,0
1732,0.16194305,0
1733,0.7224348,1
1734,0.16118954,1
1735,0.10707552,1
1736,0.26042548,0
1737,0.50808704,1
1738,0.4863573,1
1739,0.7203902,0
1740,0.4955434,1
1741,0.73370177,1
1742,0.5053302,0
1743,0.507251,1
1744,0.7000146,1
1745,0.26680097,1
1746,0.8092194,1
1747,0.7271605,1
1748,0.4699294,1
1749,0.27987897,1
1750,0.6024644,0
1751,0.7243116,1
1752,0.45574993,0
1753,0.547579,0
1754,0.49771783,0
1755,0.5543384,0
1756,0.7164991,1
1757,0.57663274,1
1758,0.22935365,0
1759,0.75999826,0
1760,0.46405372,1
1761,0.4992243,0
1762,0.73996896,0
1763,0.58173364,0
1764,0.5028212,0
1765,0.51778185,0
1766,0.5430089,0
1767,0.6089676,0
1768,0.5088904,0
1769,0.750311,0
1770,0.70575225,0
1771,0.536912,0
1772,0.5031167,0
1773,0.66282487,0
1774,0.17175354,1
1775,0.34389475,1
1776,0.49544764,1
1777,0.45455238,1
1778,0.4898558,1
1779,0.565904,0
1780,0.5520128,1
1781,0.5126667,1
1782,0.60556155,1
1783,0.54526323,1
1784,0.49391437,0
1785,0.7301763,1
1786,0.49419394,0
1787,0.5285786,1
1788,0.51695067,0
1789,0.3034799,0
1790,0.732656,1
1791,0.765831,1
1792,0.6588443,1
1793,0.82922906,1
1794,0.50638586,1
1795,0.42368367,1
1796,0.7209853,1
1797,0.54511607,0
1798,0.46647114,1
1799,0.50940186,0
1800,0.47743025,1
1801,0.5343261,0
1802,0.69957644,0
1803,0.48410723,0
1804,0.7238161,1
1805,0.29286322,1
1806,0.15336739,1
1807,0.57862496,1
1808,0.17203099,0
1809,0.70749027,1
1810,0.52845925,1
1811,0.4531792,0
1812,0.5785998,0
1813,0.50351685,1
1814,0.5364048,1
1815,0.88287127,0
1816,0.4646409,1
1817,0.7466021,0
1818,0.42970756,1
1819,0.5117523,1
1820,0.52541924,0
1821,0.5229654,0
1822,0.52485085,1
1823,0.6922382,1
1824,0.49662676,1
1825,0.5262112,1
1826,0.5348143,1
1827,0.35898367,0
1828,0.69997853,0
1829,0.5591253,0
1830,0.9052296,0
1831,0.7168687,1
1832,0.69787824,1
1833,0.51457727,0
1834,0.25778028,0
1835,0.50371885,0
1836,0.5700468,0
1837,0.5354967,1
1838,0.49605468,1
1839,0.76637983,1
1840,0.7054073,0
1841,0.5284259,0
1842,0.29858905,0
1843,0.74119264,1
1844,0.56026775,1
1845,0.7214624,0
1846,0.62702006,0
1847,0.48359182,1
1848,0.17254585,1
1849,0.5037379,0
1850,0.71065414,1
1851,0.4005195,1
1852,0.49534464,0
1853,0.51415485,1
1854,0.60103905,1
1855,0.6234716,0
1856,0.5098177,1
1857,0.5966682,0
1858,0.538816,0
1859,0.56143075,0
1860,0.80826104,1
1861,0.63416153,0
1862,0.73294497,0
1863,0.54498684,0
1864,0.52126145,0
1865,0.68551683,1
1866,0.51660365,1
1867,0.7289207,1
1868,0.5254334,1
1869,0.60304374,0
1870,0.6784225,1
1871,0.33125222,0
1872,0.21868446,1
1873,0.48375735,1
1874,0.15882376,1
1875,0.6694299,0
1876,0.32917482,1
1877,0.55863684,0
1878,0.7233052,1
1879,0.4903611,0
1880,0.4937332,0
1881,0.54402924,0
1882,0.5512362,1
1883,0.7462062,0
1884,0.72061396,1
1885,0.518522,0
1886,0.70457673,1
1887,0.11909089,1
1888,0.7968202,0
1889,0.32763168,1
1890,0.5031506,0
1891,0.714103,1
1892,0.7350271,1
1893,0.5101443,0
1894,0.75524247,1
1895,0.6641303,0
1896,0.6736878,0
1897,0.68153536,0
1898,0.5187108,0
1899,0.70034665,0
1900,0.64639103,1
1901,0.11925779,0
1902,0.7243478,0
1903,0.5227248,1
1904,0.74186546,0
1905,0.17282723,1
1906,0.56751084,1
1907,0.5021332,1
1908,0.5253206,1
1909,0.70171255,0
1910,0.72641724,1
1911,0.5374482,0
1912,0.5806257,1
1913,0.7435615,1
1914,0.7379567,0
1915,0.69386095,1
1916,0.15157115,1
1917,0.45844454,1
1918,0.45739377,1
1919,0.7329211,0
1920,0.51883566,0
1921,0.50210565,0
1922,0.44250685,1
1923,0.27213395,1
1924,0.60510546,0
1925,0.23696569,1
1926,0.85465246,0
1927,0.5557195,1
1928,0.50863534,1
1929,0.72808087,1
1930,0.67694575,1
1931,0.5971033,0
1932,0.8394777,0
1933,0.42947966,1
1934,0.22758108,1
1935,0.7462779,1
1936,0.71131986,1
1937,0.47905436,1
1938,0.7081865,0
1939,0.7428938,1
1940,0.104341395,0
1941,0.8121882,0
1942,0.4933636,1
1943,0.59288085,1
1944,0.69144005,1
1945,0.5255413,1
1946,0.585875,0
1947,0.16702496,1
1948,0.73884594,0
1949,0.52971506,0
1950,0.49831814,1
1951,0.50296247,0
1952,0.7672795,0
1953,0.52624506,0
1954,0.70147806,1
1955,0.5314001,1
1956,0.031503722,0
1957,0.6809615,0
1958,0.75146514,0
1959,0.5586918,0
1960,0.6727812,1
1961,0.4951125,0
1962,0.4948233,1
1963,0.5253446,1
1964,0.6134964,0
1965,0.5287093,0
1966,0.7022298,1
1967,0.11056727,1
1968,0.29489258,0
1969,0.6125746,0
1970,0.9295623,0
1971,0.5338314,1
1972,0.5029916,1
1973,0.19420262,1
1974,0.17018528,1
1975,0.5083209,0
1976,0.7038994,1
1977,0.53883284,0
1978,0.82034844,1
1979,0.72319996,0
1980,0.5099393,0
1981,0.69863164,1
1982,0.22129756,1
1983,0.53764534,1
1984,0.73267025,1
1985,0.6177315,1
1986,0.7117216,0
1987,0.667429,1
1988,0.35089856,1
1989,0.7417716,0
1990,0.11963253,1
1991,0.5138232,0
1992,0.47403657,1
1993,0.54995847,0
1994,0.48979092,0
1995,0.88177836,0
1996,0.52763784,0
1997,0.37163806,1
1998,0.5579066,1
1999,0.7283703,1
